Date,IEMS,IQQE,Gold
6/1/2016,50.91981,27.97,1084.529331
6/2/2016,50.919786,28.14,1081.319284
6/3/2016,51.56668,27.98,1111.749628
6/6/2016,51.359319,28.37,1096.617039
6/7/2016,51.964364,28.69,1096.565301
6/8/2016,51.907834,28.72,1107.238263
6/9/2016,51.741104,28.63,1119.808277
6/10/2016,51.165264,28.17,1126.449661
6/13/2016,50.694,27.78,1139.905021
6/14/2016,50.015126,27.59,1145.341019
6/15/2016,50.82974,27.96,1145.004944
6/16/2016,50.29338,27.61,1159.879869
6/17/2016,50.285874,27.62,1148.5155
6/20/2016,50.964375,28.25,1138.425
6/21/2016,51.054064,28.37,1122.99495
6/22/2016,51.423126,28.63,1123.8284
6/23/2016,51.35422,28.74,1107.333557
6/24/2016,50.562015,28.17,1192.884
6/27/2016,49.956942,27.58,1202.54925
6/28/2016,50.889685,28.3,1187.847474
6/29/2016,52.20843,28.97,1193.760652
6/30/2016,52.33067,29.19,1187.482902
7/1/2016,52.754394,29.45,1200.490226
7/4/2016,52.853486,29.5,null
7/5/2016,52.342648,29.04,1216.962102
7/6/2016,52.315894,29,1233.050682
7/7/2016,52.642825,29.07,1227.490228
7/8/2016,53.132106,29.6,1225.416758
7/11/2016,53.67243,29.97,1226.4105
7/12/2016,53.978792,30.27,1202.824538
7/13/2016,53.92104,30.09,1212.455702
7/14/2016,53.634592,30.6,1193.244234
7/15/2016,53.439742,30.59,1191.9929
7/18/2016,53.902026,30.71,1201.803502
7/19/2016,53.764846,30.75,1206.6053
7/20/2016,54.18944,30.92,1197.470444
7/21/2016,54.183472,30.95,1207.96095
7/22/2016,54.428605,30.94,1201.242468
7/25/2016,54.353714,30.77,1201.354625
7/26/2016,54.430698,30.94,1200.912465
7/27/2016,54.569804,31,1206.940658
7/28/2016,54.228238,30.68,1201.334954
7/29/2016,54.374914,30.66,1213.8302
8/1/2016,54.467517,30.87,1210.449001
8/2/2016,53.889888,30.33,1218.954981
8/3/2016,53.913302,30.4,1210.861669
8/4/2016,54.63432,30.81,1220.202444
8/5/2016,54.886572,31.23,1197.948982
8/8/2016,55.48202,31.58,1202.726822
8/9/2016,56.373615,31.8,1208.7153
8/10/2016,55.568315,31.51,1201.938674
8/11/2016,56.010602,31.77,1203.6855
8/12/2016,null,31.84,1197.144004
8/15/2016,56.3535,32.15,1198.898394
8/16/2016,55.428633,31.7,1195.59765
8/17/2016,54.7599,31.37,1190.706317
8/18/2016,55.321079,31.61,1193.514917
8/19/2016,54.872235,31.44,1183.439181
8/22/2016,54.281765,31.15,1183.195607
8/23/2016,54.624886,31.34,1182.275119
8/24/2016,54.43925,31.16,1175.405021
8/25/2016,54.514835,31.14,1169.212549
8/26/2016,55.223395,31.56,1170.45255
8/29/2016,null,31.27,1184.392391
8/30/2016,55.076054,31.49,1174.496136
8/31/2016,55.470025,31.18,1173.988292
9/1/2016,54.881724,30.99,1177.305796
9/2/2016,55.52481,31.69,1181.164119
9/5/2016,56.11464,32.02,null
9/6/2016,56.534949,32.01,1209.197362
9/7/2016,56.134892,32.11,1196.292614
9/8/2016,55.942107,32.11,1183.469083
9/9/2016,54.9185,31.37,1180.463729
9/12/2016,54.525868,31.08,1176.7468
9/13/2016,53.603839,30.68,1172.7229
9/14/2016,54.170378,30.62,1177.9851
9/15/2016,54.453408,30.61,1167.1761
9/16/2016,54.285352,30.67,1163.206684
9/19/2016,55.26469,31.09,1176.50195
9/20/2016,55.157029,31.1,1174.579126
9/21/2016,55.858932,31.33,1190.096632
9/22/2016,56.306544,31.81,1192.687941
9/23/2016,56.560531,31.66,1192.381196
9/26/2016,55.280654,31.08,1189.519586
9/27/2016,55.759728,31.25,1181.774691
9/28/2016,55.779249,31.4,1175.453481
9/29/2016,55.976272,31.44,1177.898996
9/30/2016,56.25984,31.31,1176.716844
10/3/2016,55.9365,null,1165.01
10/4/2016,56.68992,31.68,1134.604844
10/5/2016,56.72228,31.63,1128.558356
10/6/2016,56.569707,31.83,1117.446224
10/7/2016,56.599985,31.72,1121.137552
10/10/2016,56.875467,32.18,null
10/11/2016,55.9612,31.63,1130.9578
10/12/2016,56.07732,31.65,1135.248118
10/13/2016,55.32036,31.09,1137.03
10/14/2016,55.98824,31.6,1138.942568
10/17/2016,55.685712,31.53,1141.002262
10/18/2016,56.546952,32.2,1146.949805
10/19/2016,56.688192,32.3,1154.803342
10/20/2016,56.763931,32.32,1152.581898
10/21/2016,57.127734,32.4,1162.855762
10/24/2016,57.369136,32.64,1158.7684
10/25/2016,57.404718,32.64,1169.893642
10/26/2016,56.995731,32.29,1157.671485
10/27/2016,56.943744,32.04,1160.382102
10/28/2016,56.822136,32.03,1167.8478
10/31/2016,56.23208,31.93,1161.6424
11/1/2016,55.44491,31.33,1166.764822
11/2/2016,54.501611,30.84,1177.818884
11/3/2016,54.517216,30.83,1176.837958
11/4/2016,54.01788,30.58,1174.924994
11/7/2016,55.12592,31.54,1155.583244
11/8/2016,55.61028,31.72,1153.700422
11/9/2016,54.492438,31.3,1154.629958
11/10/2016,53.889909,30.49,1161.60245
11/11/2016,52.889157,29.61,null
11/14/2016,53.567667,29.99,1133.151435
11/15/2016,54.210604,30.53,1136.9736
11/16/2016,54.4288,30.54,1143.144982
11/17/2016,54.558357,30.81,1135.11615
11/18/2016,54.585216,30.75,1136.9568
11/21/2016,54.46074,31,1137.749737
11/22/2016,54.856256,31.24,1140.6409
11/23/2016,54.526392,31.15,1121.559097
11/24/2016,54.97452,31.22,null
11/25/2016,54.861651,31.18,1112.338574
11/28/2016,55.06435,31.62,1124.521677
11/29/2016,55.283385,31.33,1123.159473
11/30/2016,54.91352,31.56,1100.903286
12/1/2016,54.55918,31.34,1098.052923
12/2/2016,54.427424,30.97,1104.241447
12/5/2016,54.14848,30.94,1096.9856
12/6/2016,54.191172,31.02,1087.736138
12/7/2016,54.59656,31.28,1095.1
12/8/2016,54.767048,31.99,1086.978206
12/9/2016,55.812603,32.26,1098.067763
12/12/2016,55.410498,31.68,1098.1113
12/13/2016,55.7206,31.88,1090.189704
12/14/2016,55.69356,31.75,1091.041396
12/15/2016,55.994732,31.73,1082.462487
12/16/2016,55.816833,31.62,1087.503917
12/19/2016,55.651,31.53,1094.30975
12/20/2016,55.626485,31.64,1091.78435
12/21/2016,55.311344,31.43,1085.403537
12/22/2016,54.338125,30.8,1080.826047
12/23/2016,54.700122,30.99,1083.567893
12/27/2016,null,31.22,1088.851067
12/28/2016,55.309342,31.63,1095.419183
12/29/2016,55.67994,31.8,1106.327903
12/30/2016,55.432541,31.63,1091.005
1/2/2017,null,31.72,null
1/3/2017,56.493343,32.3,1117.349183
1/4/2017,56.671615,32.26,1115.036827
1/5/2017,56.814218,32.17,1123.428263
1/6/2017,56.059584,32.23,1106.742383
1/9/2017,56.112609,32.27,1125.39015
1/10/2017,56.257535,32.48,1120.608414
1/11/2017,56.526177,32.75,1138.330737
1/12/2017,55.687708,32.42,1122.649982
1/13/2017,55.87666,32.69,1121.191446
1/16/2017,56.001587,32.58,null
1/17/2017,55.85112,32.53,1134.432
1/18/2017,56.177607,32.53,1135.836056
1/19/2017,55.719056,32.5,1125.723682
1/20/2017,55.87164,32.38,1132.764626
1/23/2017,55.895337,32.54,1133.9595
1/24/2017,56.279896,32.83,1126.063166
1/25/2017,56.629872,33.17,1114.446886
1/26/2017,56.59003,33.33,1111.7067
1/27/2017,56.808616,33.23,1112.299198
1/30/2017,56.790059,33.08,1122.443194
1/31/2017,56.541138,32.83,1123.756258
2/1/2017,56.67382,32.99,1117.350058
2/2/2017,56.99232,32.98,1125.690795
2/3/2017,58.02923,33.3,1134.4235
2/6/2017,57.830325,33.39,1148.205
2/7/2017,58.184648,33.36,1156.198514
2/8/2017,58.346848,33.4,1160.373737
2/9/2017,58.699428,33.72,1155.189008
2/10/2017,59.289216,34.03,1161.323543
2/13/2017,59.336256,34.36,1151.915543
2/14/2017,59.411754,34.21,1152.179483
2/15/2017,60.226218,34.59,1166.912534
2/16/2017,59.651352,34.29,1164.112
2/17/2017,59.31663,34.16,1162.106377
2/20/2017,60.06192,34.46,null
2/21/2017,60.66957,34.86,1174.3875
2/22/2017,61.1146,34.92,1171.8784
2/23/2017,61.391878,34.89,1182.439114
2/24/2017,60.307548,34.55,1184.753963
2/27/2017,60.463846,34.28,1187.740063
2/28/2017,60.123127,34.03,1182.078597
3/1/2017,60.866034,34.67,1185.705683
3/2/2017,60.337784,34.31,1171.660113
3/3/2017,59.95131,34.19,1159.93575
3/6/2017,60.120288,34.24,1156.05045
3/7/2017,60.521455,34.36,1148.877027
3/8/2017,60.380902,34.22,1144.81205
3/9/2017,59.389148,33.7,1139.634743
3/10/2017,59.478132,33.67,1132.139984
3/13/2017,59.634702,34.18,1127.610743
3/14/2017,59.58701,34.21,1130.507163
3/15/2017,60.033078,34.41,1129.774117
3/16/2017,60.739345,34.86,1143.46595
3/17/2017,61.081212,34.76,1145.435766
3/20/2017,61.274988,35.25,1147.371338
3/21/2017,60.510288,34.76,1153.639358
3/22/2017,60.579391,34.77,1155.977335
3/23/2017,60.929012,34.85,1156.001012
3/24/2017,61.083,34.87,1155.209055
3/27/2017,60.256224,34.39,1152.959382
3/28/2017,60.641265,34.71,1156.005815
3/29/2017,61.211016,35.05,1166.163382
3/30/2017,61.500342,35.1,1159.593
3/31/2017,61.446426,34.86,1166.724466
4/3/2017,62.01118,35.11,1173.250446
4/4/2017,62.408683,35.17,1178.3195
4/5/2017,62.16487,35.32,1166.317122
4/6/2017,62.153504,35.11,1172.281326
4/7/2017,62.490701,35.15,1179.920056
4/10/2017,62.30186,34.98,1182.789917
4/11/2017,61.64448,34.67,1197.470354
4/12/2017,61.66277,34.9,1202.607946
4/13/2017,62.321375,35.15,1209.646153
4/17/2017,null,null,1212.938603
4/18/2017,61.611322,34.71,1209.289494
4/19/2017,61.323948,34.48,1194.777382
4/20/2017,61.370358,34.47,1193.064352
4/21/2017,61.584624,34.74,1203.461542
4/24/2017,61.189084,34.77,1176.032485
4/25/2017,61.592856,34.87,1162.073898
4/26/2017,61.42338,34.97,1158.607778
4/27/2017,61.06755,34.82,1161.340255
4/28/2017,61.014681,34.8,1158.354868
5/1/2017,null,null,1146.644215
5/2/2017,61.504506,35.21,1149.922598
5/3/2017,61.22123,34.97,1141.453142
5/4/2017,61.034688,34.64,1122.4928
5/5/2017,60.695319,34.54,1117.385085
5/8/2017,61.105128,34.96,1120.169305
5/9/2017,61.688928,35.51,1115.213165
5/10/2017,61.84197,35.61,1118.577015
5/11/2017,61.896176,35.63,1125.862115
5/12/2017,62.001885,35.7,1127.490855
5/15/2017,61.765578,35.86,1119.746018
5/16/2017,61.295718,35.64,1116.687
5/17/2017,60.509365,35.04,1131.12125
5/18/2017,59.199768,34.35,1124.777576
5/19/2017,59.868885,34.76,1120.540106
5/22/2017,59.447496,34.74,1121.266536
5/23/2017,59.405054,34.88,1118.905204
5/24/2017,59.643384,34.96,1118.894181
5/25/2017,null,35.18,1119.796904
5/26/2017,60.174884,35.29,1132.220299
5/29/2017,null,35.28,null
5/30/2017,59.58015,35.2,1129.579479
5/31/2017,59.549984,34.66,1133.6064
6/1/2017,59.7171,35.02,1129.2771
6/2/2017,60.22974,34.99,1138.267244
6/5/2017,60.15863,null,1137.297744
6/6/2017,59.87142,35,1149.815541
6/7/2017,60.202995,35.01,1150.124129
6/8/2017,60.578612,35.3,1136.672824
6/9/2017,60.944828,35.52,1135.0538
6/12/2017,59.97776,34.97,1128.348299
6/13/2017,60.381295,35.06,1128.460744
6/14/2017,60.866394,35.07,1136.101324
6/15/2017,60.18432,34.71,1121.470276
6/16/2017,60.69699,34.63,1122.957
6/19/2017,60.53862,35.2,1110.946136
6/20/2017,60.031908,35.06,1112.4324
6/21/2017,60.455569,34.93,1115.454162
6/22/2017,60.280549,35.12,1116.976259
6/23/2017,60.4841,35.09,1124.298956
6/26/2017,60.633237,35.34,1114.067614
6/27/2017,59.666043,34.87,1105.182901
6/28/2017,59.145848,34.67,1097.1168
6/29/2017,58.679114,34.28,1090.167997
6/30/2017,59.097672,34.43,1087.225367
7/3/2017,59.469756,34.69,null
7/4/2017,59.392344,34.58,null
7/5/2017,59.511634,34.7,1077.247101
7/6/2017,58.942713,34.16,1073.458217
7/7/2017,58.904886,34.11,1059.096159
7/10/2017,59.331192,34.49,1064.466199
7/11/2017,59.034944,34.68,1064.084459
7/12/2017,59.583348,35.29,1063.888519
7/13/2017,59.596236,35.56,1065.357213
7/14/2017,60.1374,35.83,1074.501579
7/17/2017,59.960052,35.69,1075.494763
7/18/2017,59.49625,35.53,1074.047919
7/19/2017,59.968636,35.93,1076.244478
7/20/2017,60.409166,35.56,1083.847403
7/21/2017,59.58024,35.45,1077.443742
7/24/2017,59.433955,35.58,1076.473171
7/25/2017,59.420899,35.59,1070.328628
7/26/2017,59.540604,35.64,1072.6412
7/27/2017,59.574817,35.79,1077.083939
7/28/2017,59.230122,35.23,1081.43786
7/31/2017,59.168853,35.19,1080.0298
8/1/2017,58.948758,35.29,1077.38314
8/2/2017,58.907472,35.07,1075.179761
8/3/2017,58.3916,34.95,1069.009001
8/4/2017,58.22366,35.39,1060.243621
8/7/2017,59.355954,35.58,1066.576098
8/8/2017,59.37351,35.89,1063.54262
8/9/2017,58.85822,35.39,1085.1052
8/10/2017,58.099584,34.69,1094.225838
8/11/2017,57.6725,34.44,1094.544958
8/14/2017,57.779232,34.97,1088.616298
8/15/2017,58.148935,35.03,1084.555508
8/16/2017,58.7979,35.36,1090.47262
8/17/2017,58.996649,35.11,1099.743381
8/18/2017,58.808272,35.27,1095.159218
8/21/2017,58.730221,35.13,1097.567282
8/22/2017,59.031755,35.68,1091.69243
8/23/2017,58.994475,35.66,1092.34277
8/24/2017,59.08672,35.87,1089.6655
8/25/2017,59.613291,35.77,1094.61825
8/28/2017,null,35.37,1098.314379
8/29/2017,58.2909,35.18,1089.87298
8/30/2017,59.197168,35.6,1097.7575
8/31/2017,60.171555,35.7,1113.110299
9/1/2017,60.23302,35.97,1111.12305
9/4/2017,60.0264,35.6,null
9/5/2017,60.18196,35.34,1126.267159
9/6/2017,60.065412,35.61,1118.075
9/7/2017,60.457898,35.6,1123.69652
9/8/2017,59.611188,35.31,1116.1032
9/11/2017,60.37874,36.01,1109.3885
9/12/2017,60.78014,36.03,1112.864
9/13/2017,60.1056,36.04,1104.77434
9/14/2017,60.951016,35.64,1114.602539
9/15/2017,60.920392,35.79,1103.72238
9/18/2017,61.101,36.01,1093.373141
9/19/2017,60.80984,35.83,1091.068819
9/20/2017,60.719448,35.78,1092.6336
9/21/2017,61.1352,35.93,1084.10398
9/22/2017,60.057063,35.6,1081.328171
9/25/2017,59.132259,35.38,1101.240401
9/26/2017,59.574648,35.49,1100.3748
9/27/2017,59.474211,35.29,1093.0718
9/28/2017,59.37057,35.26,1091.3895
9/29/2017,60.00995,35.59,1085.4305
10/2/2017,60.482045,35.93,1083.704008
10/3/2017,60.883248,null,1081.7922
10/4/2017,60.889668,36.33,1080.607038
10/5/2017,61.638808,36.83,1081.44686
10/6/2017,61.54511,36.47,1086.200699
10/9/2017,61.207146,36.44,1091.324562
10/10/2017,61.509112,36.61,1094.0416
10/11/2017,61.326515,36.57,1086.886781
10/12/2017,61.52489,36.7,1090.898591
10/13/2017,62.198582,37.13,1101.98005
10/16/2017,62.159064,37.11,1101.2753
10/17/2017,61.900616,37.05,1091.0632
10/18/2017,62.147322,37.13,1089.32291
10/19/2017,61.42305,36.51,1087.43052
10/20/2017,61.823372,36.88,1080.9359
10/23/2017,62.155846,36.77,1088.344818
10/24/2017,61.893337,36.68,1084.1325
10/25/2017,61.915045,36.31,1082.17692
10/26/2017,62.36364,36.67,1077.368082
10/27/2017,62.912717,37.26,1093.06645
10/30/2017,62.936496,36.95,1097.254899
10/31/2017,63.098399,null,1088.7331
11/1/2017,63.668516,37.57,1097.254899
11/2/2017,63.500865,37.44,1094.756651
11/3/2017,63.192914,37.53,1086.53035
11/6/2017,63.821316,37.84,1103.866341
11/7/2017,63.414468,37.74,1101.623088
11/8/2017,63.562476,37.8,1105.764459
11/9/2017,62.997546,37.38,1105.358859
11/10/2017,62.864406,37.24,1091.846461
11/13/2017,62.729648,37.19,1095.795712
11/14/2017,62.220312,36.53,1091.0691
11/15/2017,61.976748,36.33,1078.1319
11/16/2017,62.871495,37.24,1085.15132
11/17/2017,62.762634,37.32,1098.579282
11/20/2017,62.862128,37.63,1081.88046
11/21/2017,64.115942,38.18,1093.29072
11/22/2017,63.74739,37.97,1099.28074
11/23/2017,63.48568,37.72,null
11/24/2017,63.73098,37.49,null
11/27/2017,62.652096,37.13,1082.522501
11/28/2017,62.930172,37.51,1089.101599
11/29/2017,63.00666,36.97,1084.01553
11/30/2017,62.92864,36.42,1074.580759
12/1/2017,62.17946,36.21,1075.982361
12/4/2017,62.417768,36.66,1073.980081
12/5/2017,62.4634,36.64,1064.91654
12/6/2017,61.315652,36.02,1068.581401
12/7/2017,61.46534,36.17,1060.455342
12/8/2017,61.970932,36.68,1060.412278
12/11/2017,62.263565,36.75,1054.284448
12/12/2017,61.966209,36.58,1052.60115
12/13/2017,62.663434,36.86,1061.20536
12/14/2017,62.209098,36.76,1058.458001
12/15/2017,62.75423,36.86,1062.392142
12/18/2017,63.406962,37.1,1070.093118
12/19/2017,62.96981,36.83,1066.300019
12/20/2017,63.112392,36.8,1068.8416
12/21/2017,63.214704,37.07,1068.587401
12/22/2017,63.454677,37.2,1076.055
12/26/2017,null,null,1083.39515
12/27/2017,64.036119,37.09,1081.9809
12/28/2017,64.417752,37.31,1084.32637
12/29/2017,64.736232,37.48,1089.192981
1/2/2018,64.944768,37.84,1088.794519
1/3/2018,65.496375,38.36,1094.683499
1/4/2018,65.980768,38.36,1093.51874
1/5/2018,66.45751,38.74,1096.113101
1/8/2018,67.083264,39.13,1101.2947
1/9/2018,66.947428,39.15,1099.335729
1/10/2018,66.553559,38.85,1098.57988
1/11/2018,66.218154,38.68,1099.0033
1/12/2018,65.928478,38.72,1098.58828
1/15/2018,65.054115,38.28,null
1/16/2018,65.187044,38.48,1091.9566
1/17/2018,65.44527,38.83,1096.491
1/18/2018,65.408519,38.91,1083.7398
1/19/2018,65.53296,39.22,1086.83042
1/22/2018,66.111561,39.31,1087.47841
1/23/2018,66.079416,39.46,1090.46544
1/24/2018,66.460064,39.46,1097.736659
1/25/2018,66.46276,39.51,1098.094419
1/26/2018,66.322168,39.75,1086.821541
1/29/2018,66.094196,39.52,null
1/30/2018,65.172845,38.89,1075.130559
1/31/2018,65.243556,39.06,1074.9492
2/1/2018,64.978496,38.57,1078.935219
2/2/2018,63.423615,37.8,1067.626811
2/5/2018,62.768512,37.39,1071.5987
2/6/2018,62.154593,37.31,1075.599691
2/7/2018,62.44092,36.99,1063.051781
2/8/2018,61.280296,36.15,1074.8538
2/9/2018,60.66186,35.3,1069.91386
2/12/2018,62.084015,36.73,1079.88506
2/13/2018,61.799176,36.6,1076.823461
2/14/2018,62.565148,37.3,1097.6839
2/15/2018,62.91144,37.79,1082.220821
2/16/2018,63.502045,38.01,1085.672321
2/19/2018,62.626776,37.83,null
2/20/2018,62.68444,37.86,1076.85956
2/21/2018,63.237892,38.26,1080.226
2/22/2018,63.343296,37.8,1083.90674
2/23/2018,63.958446,38.38,1079.95938
2/26/2018,64.343459,38.74,1080.12915
2/27/2018,63.544393,38.15,1069.36995
2/28/2018,63.735795,37.89,1076.99985
3/1/2018,63.986208,37.44,1070.46266
3/2/2018,null,37.06,1072.997401
3/5/2018,null,37.22,1070.956231
3/6/2018,62.619004,37.42,1074.481501
3/7/2018,62.072524,37.15,1067.8278
3/8/2018,62.322791,37.56,1062.651509
3/9/2018,63.8676,38.39,1075.90466
3/12/2018,64.072778,38.45,1072.54028
3/13/2018,63.484782,37.98,1071.194629
3/14/2018,63.329805,38.06,1070.777419
3/15/2018,63.624756,38.06,1067.00308
3/16/2018,63.625683,38.11,1065.95581
3/19/2018,62.63604,37.33,1069.76836
3/20/2018,63.441048,38.28,1068.02204
3/21/2018,63.606285,38.01,1074.91769
3/22/2018,62.55648,37.29,1077.199181
3/23/2018,61.3818,36.46,1092.93304
3/26/2018,61.482967,36.72,1091.240099
3/27/2018,62.40992,36.97,1083.77044
3/28/2018,61.495184,36.66,1068.09968
3/29/2018,62.77726,37.34,1073.58452
4/2/2018,null,null,1089.248341
4/3/2018,63.090625,36.92,1082.90004
4/4/2018,62.830098,36.64,1088.14272
4/5/2018,63.730641,37.24,1080.23155
4/6/2018,63.356674,36.54,1088.69508
4/9/2018,63.211806,36.77,1086.01105
4/10/2018,63.03728,36.81,1085.678
4/11/2018,63.09805,37,1095.37375
4/12/2018,63.499875,37.01,1086.111619
4/13/2018,63.458104,36.82,1091.84316
4/16/2018,63.119872,36.59,1089.319
4/17/2018,63.424841,36.76,1090.28892
4/18/2018,63.397488,37.01,1090.6886
4/19/2018,63.105864,36.82,1087.67572
4/20/2018,62.814768,36.67,1085.93504
4/23/2018,63.104633,36.64,1080.61475
4/24/2018,62.990284,36.35,1090.15034
4/25/2018,62.266509,36.15,1084.3088
4/26/2018,62.719776,36.84,1081.73538
4/27/2018,63.57909,37.13,1093.868591
4/30/2018,63.715184,37.09,1089.681939
5/1/2018,62.489892,null,1079.416061
5/2/2018,63.517656,37.06,1084.80526
5/3/2018,62.45911,36.74,1092.992689
5/4/2018,63.155445,37.02,1096.760809
5/7/2018,null,36.98,1102.510399
5/8/2018,62.8168,37.16,1105.36
5/9/2018,62.991894,37.17,1103.852381
5/10/2018,63.917048,37.83,1111.981561
5/11/2018,63.59661,37.71,1105.1901
5/14/2018,63.457594,37.77,1098.2243
5/15/2018,62.969445,37.32,1084.60937
5/16/2018,63.72986,37.93,1094.863678
5/17/2018,null,37.44,1091.234178
5/18/2018,63.261064,37.11,1095.121718
5/21/2018,63.703464,null,1097.186038
5/22/2018,63.93166,37.55,1095.232388
5/23/2018,64.074582,37.55,1101.191172
5/24/2018,63.415299,37.39,1111.664948
5/25/2018,64.383105,37.75,1116.276492
5/28/2018,null,37.88,null
5/29/2018,64.379532,37.35,1123.635198
5/30/2018,64.176605,37.18,1118.89955
5/31/2018,64.332248,37.19,1111.325459
6/1/2018,64.69493,37.69,1109.643642
6/4/2018,64.4538,37.99,1101.72118
6/5/2018,64.143285,37.66,1111.30875
6/6/2018,64.0475,37.89,1102.53498
6/7/2018,63.756154,37.24,1097.271589
6/8/2018,63.750444,37.45,1104.42346
6/11/2018,63.95428,37.35,1101.727
6/12/2018,63.87699,37.36,1098.63331
6/13/2018,63.876514,37.28,1102.49471
6/14/2018,63.809625,37.36,1111.66
6/15/2018,63.222544,36.69,1099.215019
6/18/2018,62.309196,36.39,1098.935778
6/19/2018,62.05119,36.15,1105.945179
6/20/2018,62.350503,36.35,1097.935398
6/21/2018,61.683039,35.81,1098.282198
6/22/2018,61.2969,35.95,1088.062921
6/25/2018,60.316179,35.24,1081.708299
6/26/2018,60.481512,35.46,1076.654859
6/27/2018,60.047775,34.94,1078.535562
6/28/2018,59.369141,34.97,1077.225782
6/29/2018,60.166092,35.37,1073.365182
7/2/2018,59.301984,34.98,1065.236202
7/3/2018,59.513766,35,null
7/4/2018,59.53729,34.98,null
7/5/2018,58.78082,34.86,1073.734242
7/6/2018,59.5394,35.2,1069.917942
7/9/2018,59.662388,35.67,1067.1204
7/10/2018,60.124596,35.43,1070.494482
7/11/2018,59.108592,35.21,1059.114202
7/12/2018,59.642834,35.68,1067.961
7/13/2018,59.624838,35.67,1064.692419
7/16/2018,58.896396,35.4,1056.3469
7/17/2018,59.358358,35.85,1046.992898
7/18/2018,59.34357,35.77,1056.212232
7/19/2018,58.83071,35.38,1054.931221
7/20/2018,58.946151,35.65,1053.55855
7/23/2018,58.22577,35.4,1044.684
7/24/2018,59.442194,36.04,1045.577791
7/25/2018,59.66415,36.38,1053.339581
7/26/2018,59.81328,36.31,1045.793592
7/27/2018,60.661304,36.36,1051.680499
7/30/2018,60.101298,36.21,1045.310712
7/31/2018,60.013403,36.45,1042.714728
8/1/2018,60.2946,36.17,1041.304521
8/2/2018,59.69648,35.94,1042.084459
8/3/2018,60.53082,36.17,1047.854558
8/6/2018,60.372447,36.12,1047.010159
8/7/2018,60.617427,36.35,1042.554219
8/8/2018,60.333968,36.24,1046.352519
8/9/2018,60.330244,36.37,1045.384961
8/10/2018,59.697631,35.97,1057.169169
8/13/2018,58.78531,35.45,1044.770143
8/14/2018,59.159716,35.75,1045.9031
8/15/2018,58.174138,34.78,1040.08575
8/16/2018,58.94409,35.06,1034.467857
8/17/2018,58.46814,34.79,1032.84935
8/20/2018,58.628115,35.09,1039.280803
8/21/2018,58.971402,35.3,1036.846419
8/22/2018,58.377629,35.38,1029.894712
8/23/2018,58.128916,35.16,1025.0932
8/24/2018,58.74441,35.26,1041.036942
8/27/2018,null,35.8,1039.2564
8/28/2018,58.59294,35.53,1031.11962
8/29/2018,58.805632,35.74,1032.9792
8/30/2018,57.81828,35.2,1024.392768
8/31/2018,57.789339,35.34,1030.217532
9/3/2018,58.428762,35.09,null
9/4/2018,57.827214,34.77,1031.566188
9/5/2018,57.252054,34.14,1031.676681
9/6/2018,56.752785,34.06,1029.595071
9/7/2018,57.04986,34.18,1027.689579
9/10/2018,56.397692,33.72,1030.9906
9/11/2018,56.30688,33.62,1032.825621
9/12/2018,56.945304,34,1039.896998
9/13/2018,57.135234,33.86,1034.4412
9/14/2018,56.9763,33.95,1022.3225
9/17/2018,56.565936,33.53,1027.902918
9/18/2018,56.645674,33.81,1023.144362
9/19/2018,56.937153,34.26,1030.405578
9/20/2018,56.666493,34.32,1024.908098
9/21/2018,56.857744,34.55,1017.248438
9/24/2018,56.247268,34.1,1018.685462
9/25/2018,56.303821,34.21,1018.92
9/26/2018,56.80284,34.41,1017.288
9/27/2018,56.838468,34.8,1009.920702
9/28/2018,57.233375,34.71,1029.33685
10/1/2018,56.925912,34.93,1022.805339
10/2/2018,56.707998,34.65,1041.639141
10/3/2018,56.51516,null,1037.727842
10/4/2018,55.441638,33.43,1040.845637
10/5/2018,54.631626,33.22,1043.962877
10/8/2018,54.510984,33.34,1031.849301
10/9/2018,54.699975,33.41,1038.206357
10/10/2018,53.39344,32.63,1034.215323
10/11/2018,52.049975,31.95,1056.98165
10/12/2018,52.7904,32.58,1052.438379
10/15/2018,52.923915,32.56,1058.996421
10/16/2018,53.58367,33.16,1059.159942
10/17/2018,53.42568,33.03,1061.314968
10/18/2018,52.856052,32.21,1066.0738
10/19/2018,53.144928,32.47,1068.216583
10/22/2018,52.9308,32.83,1062.443957
10/23/2018,52.132608,32.34,1074.538101
10/24/2018,52.1093,32.15,1078.008443
10/25/2018,52.2972,32.5,1076.691579
10/26/2018,51.73818,31.91,1086.3255
10/29/2018,51.157914,31.43,1075.96815
10/30/2018,51.568016,31.82,1075.154419
10/31/2018,52.16184,32.61,1071.067093
11/1/2018,53.171066,33.35,1084.8372
11/2/2018,53.753983,33.49,1078.145331
11/5/2018,54.03648,33.63,1081.609143
11/6/2018,53.73375,33.55,1070.825043
11/7/2018,54.04064,34.01,1067.407057
11/8/2018,54.038442,33.56,1070.526681
11/9/2018,53.439282,32.8,1063.320981
11/12/2018,53.102214,32.94,1066.394053
11/13/2018,54.11472,33.23,1064.889556
11/14/2018,53.773122,32.94,1069.353891
11/15/2018,54.411746,33.8,1072.842923
11/16/2018,54.532218,33.59,1076.013163
11/19/2018,54.072429,33.12,1070.334789
11/20/2018,53.262748,32.66,1067.3564
11/21/2018,54.351765,33.21,1074.413743
11/22/2018,53.61101,32.99,null
11/23/2018,53.708473,32.91,null
11/26/2018,54.0496,33.3,1073.775957
11/27/2018,54.353996,33.56,1069.247317
11/28/2018,54.63423,34.18,1082.404701
11/29/2018,54.948974,34.14,1075.004599
11/30/2018,54.901744,34.09,1074.264037
12/3/2018,56.065225,34.71,1088.916771
12/4/2018,55.62269,34.12,1087.824129
12/5/2018,55.175855,34.17,null
12/6/2018,53.50313,33.41,1090.766079
12/7/2018,53.810486,33.17,1096.435963
12/10/2018,52.220398,32.8,1088.610567
12/11/2018,53.176188,32.94,1091.381741
12/12/2018,54.523404,33.8,1096.814181
12/13/2018,54.39089,33.6,1092.830337
12/14/2018,54.450845,33.31,1096.1057
12/17/2018,53.96616,32.84,1099.957341
12/18/2018,53.52231,33.03,1098.046757
12/19/2018,53.853056,33.01,1097.841259
12/20/2018,53.061708,32.26,1103.501859
12/21/2018,53.144226,32.41,1098.454223
12/24/2018,52.631064,null,null
12/26/2018,null,null,1112.580677
12/27/2018,52.84548,31.96,1122.746743
12/28/2018,53.206714,32.59,1117.480711
12/31/2018,53.792706,null,1116.467263
1/2/2019,53.731976,32.92,1123.9494
1/3/2019,53.171608,32.18,1138.334203
1/4/2019,54.15475,33.19,1124.927857
1/7/2019,54.073293,33.12,1124.277203
1/8/2019,54.159236,33.2,1121.645077
1/9/2019,54.8244,33.67,1125.558943
1/10/2019,54.571355,33.77,1113.706388
1/11/2019,54.557932,33.82,1116.044389
1/14/2019,54.619623,33.72,1124.224089
1/15/2019,55.045152,34.07,1125.939437
1/16/2019,55.72666,34.49,1134.024779
1/17/2019,54.56295,34.36,1132.8525
1/18/2019,55.11945,34.94,1123.700143
1/21/2019,54.724618,34.85,null
1/22/2019,54.392032,34.26,1129.49775
1/23/2019,54.71734,34.38,1128.743049
1/24/2019,55.394676,34.89,1127.910359
1/25/2019,55.863132,35.17,1143.528381
1/28/2019,54.903902,34.68,1140.641941
1/29/2019,55.05144,34.77,1145.329057
1/30/2019,55.29125,35.01,1146.162521
1/31/2019,55.877395,35.69,1148.798807
2/1/2019,55.777764,35.48,1148.073441
2/4/2019,56.231332,35.65,1148.303953
2/5/2019,56.673396,36.15,1150.450637
2/6/2019,56.602873,35.94,1149.34815
2/7/2019,56.268576,35.53,1154.105181
2/8/2019,56.065854,35.39,1157.895137
2/11/2019,55.648999,35.49,1155.7801
2/12/2019,56.021784,35.69,1159.034717
2/13/2019,55.659032,35.52,1159.533723
2/14/2019,55.664,35.49,1162.447543
2/15/2019,56.207849,35.4,1170.604589
2/18/2019,55.92538,35.48,null
2/19/2019,56.35571,35.62,1186.524519
2/20/2019,56.649225,35.83,1184.387653
2/21/2019,56.285537,35.69,1165.60645
2/22/2019,56.92701,36.06,1173.683557
2/25/2019,57.377605,36.43,1167.720151
2/26/2019,57.054564,36.27,1166.352999
2/27/2019,56.720614,35.97,1157.335867
2/28/2019,56.23044,35.64,1150.012843
3/1/2019,56.224,35.65,1138.887421
3/4/2019,56.604357,35.68,1133.322123
3/5/2019,57.534386,36.22,1131.6214
3/6/2019,57.76438,36,1136.622561
3/7/2019,56.73644,35.72,1138.987403
3/8/2019,56.85218,35.2,1155.7567
3/11/2019,57.464134,35.93,1146.258764
3/12/2019,57.6485,36.03,1149.688513
3/13/2019,57.523194,35.89,1156.74525
3/14/2019,57.45597,35.68,1145.047041
3/15/2019,58.01008,36.14,1151.181783
3/18/2019,57.941136,36.48,1145.694373
3/19/2019,58.256068,36.53,1148.922
3/20/2019,57.994095,36.43,1145.35035
3/21/2019,57.838252,36.47,1147.016999
3/22/2019,57.476608,35.82,1160.503659
3/25/2019,57.12127,35.61,1167.237721
3/26/2019,57.39336,35.79,1164.075553
3/27/2019,57.2316,35.61,1163.191221
3/28/2019,57.334848,35.88,1149.727764
3/29/2019,57.847599,36.34,1150.8993
4/1/2019,58.6154,36.89,1146.676021
4/2/2019,58.708175,36.82,1151.841
4/3/2019,59.091736,37.09,1147.237081
4/4/2019,59.039712,37.27,1148.8857
4/5/2019,59.394144,37.52,1148.714101
4/8/2019,58.936176,37.31,1153.381299
4/9/2019,58.812576,37.25,1155.9438
4/10/2019,58.994364,37.46,1160.648039
4/11/2019,59.020944,37.03,1144.019059
4/12/2019,58.951442,37.18,1139.986959
4/15/2019,58.726316,36.94,1137.402563
4/16/2019,59.082434,37.32,1125.741939
4/17/2019,59.2883,37.44,1125.769737
4/18/2019,59.147406,37.6,1130.591931
4/22/2019,null,null,1132.01415
4/23/2019,58.889446,37.45,1128.788534
4/24/2019,58.709101,37.1,1137.87355
4/25/2019,58.78561,37.08,1146.944244
4/26/2019,58.930902,37.17,1154.097202
4/29/2019,58.504787,37.27,1146.776318
4/30/2019,57.967742,37.09,1143.487964
5/1/2019,58.377786,null,1142.239981
5/2/2019,57.919986,37.01,1132.445386
5/3/2019,58.95384,37.37,1146.802756
5/6/2019,null,36.48,1144.429886
5/7/2019,56.891583,35.93,1147.57735
5/8/2019,57.007822,35.97,1142.120401
5/9/2019,55.381866,35.37,1146.6789
5/10/2019,55.63844,35.39,1144.915806
5/13/2019,54.051654,34.27,1156.178909
5/14/2019,54.96236,34.9,1153.318716
5/15/2019,55.601356,34.93,1159.151504
5/16/2019,55.412608,34.91,1146.991
5/17/2019,54.610051,34.51,1140.80495
5/20/2019,54.42849,34.12,1142.747529
5/21/2019,55.0144,34.51,1139.712
5/22/2019,55.081656,34.39,1140.126699
5/23/2019,54.705838,33.86,1153.365004
5/24/2019,54.510022,33.89,1146.8737
5/27/2019,null,34,null
5/28/2019,55.12895,34.15,1140.55275
5/29/2019,54.922428,34.25,1147.929818
5/30/2019,55.655257,34.52,1155.944488
5/31/2019,55.718184,34.51,1171.041484
6/3/2019,55.917014,34.62,1182.626026
6/4/2019,55.63197,34.5,1177.031981
6/5/2019,55.527633,34.46,1179.928934
6/6/2019,55.439496,34.21,1187.253739
6/7/2019,55.949397,34.47,1189.778477
6/10/2019,55.890284,null,1172.226987
6/11/2019,56.201908,35.18,1171.741781
6/12/2019,55.835904,34.91,1176.334101
6/13/2019,56.062282,34.78,1186.263317
6/14/2019,55.871838,34.66,1189.606749
6/17/2019,55.90456,34.75,1191.710696
6/18/2019,57.075515,35.56,1203.725719
6/19/2019,56.455821,35.57,1199.786559
6/20/2019,57.273744,36.12,1231.880781
6/21/2019,57.016324,35.81,1233.821897
6/24/2019,56.655535,35.6,1241.331153
6/25/2019,56.54964,35.36,1242.423711
6/26/2019,56.85446,35.65,1242.349139
6/27/2019,56.859675,35.8,1238.687821
6/28/2019,57.02763,35.8,1238.703347
7/1/2019,57.509397,36.49,1220.852139
7/2/2019,57.828215,36.42,1242.930519
7/3/2019,null,36.44,null
7/4/2019,58.097322,36.6,null
7/5/2019,57.762024,36.43,1240.409226
7/8/2019,57.728658,36.14,1245.7049
7/9/2019,57.6555,36.05,1247.26875
7/10/2019,58.005804,36.33,1256.822109
7/11/2019,57.410419,36.07,1244.350273
7/12/2019,57.445568,36.06,1252.978151
7/15/2019,57.494646,36.24,1252.476381
7/16/2019,57.74571,36.41,1255.597156
7/17/2019,57.621654,36.29,1267.373254
7/18/2019,57.695436,36.23,1271.510739
7/19/2019,57.76838,36.42,1269.479059
7/22/2019,57.541401,36.33,1270.940054
7/23/2019,null,36.55,1270.989479
7/24/2019,57.578478,36.64,1277.247604
7/25/2019,57.454842,36.39,1272.085852
7/26/2019,57.333508,36.46,1273.5293
7/29/2019,57.1119,36.25,1276.788218
7/30/2019,56.4795,35.99,1281.726006
7/31/2019,56.794344,36.01,1278.926458
8/1/2019,57.05988,36.13,1287.335422
8/2/2019,55.10448,34.63,1301.618218
8/5/2019,52.879959,33.09,1309.791759
8/6/2019,53.052965,33.54,1316.178381
8/7/2019,52.990672,33.66,1345.566754
8/8/2019,54.372324,34.15,1338.045136
8/9/2019,53.82111,33.93,1336.463779
8/12/2019,53.401474,33.38,1344.684534
8/13/2019,53.679864,33.9,1338.610376
8/14/2019,52.752076,33.19,1354.911441
8/15/2019,null,33.28,1362.929218
8/16/2019,53.776724,33.89,1365.63625
8/19/2019,53.906895,34.03,1351.410302
8/20/2019,54.056623,34.1,1358.503318
8/21/2019,54.315186,34.39,1355.042738
8/22/2019,53.95754,34.03,1351.013834
8/23/2019,53.631492,33.35,1379.741058
8/26/2019,null,33.63,1373.059524
8/27/2019,53.31552,33.74,1387.8246
8/28/2019,53.542482,33.86,1387.556984
8/29/2019,53.975232,34.26,1378.7348
8/30/2019,54.329756,34.61,1376.456488
9/2/2019,54.729351,34.53,null
9/3/2019,null,34.48,1413.416392
9/4/2019,55.27284,34.91,1407.052324
9/5/2019,null,35.33,1370.376242
9/6/2019,55.674591,35.49,1365.972736
9/9/2019,55.56232,35.47,1361.594036
9/10/2019,55.380612,35.53,1349.913784
9/11/2019,55.945728,35.9,1358.110742
9/12/2019,56.866548,35.61,1367.114095
9/13/2019,56.41512,35.76,1343.599102
9/16/2019,56.338975,35.68,1362.560128
9/17/2019,56.091765,35.41,1364.975168
9/18/2019,55.91046,35.42,1363.83525
9/19/2019,55.987056,35.38,1353.954262
9/20/2019,56.408652,35.31,1366.518224
9/23/2019,56.657072,35.53,1387.024065
9/24/2019,56.272896,35.09,1392.372458
9/25/2019,55.965476,35.21,1370.088738
9/26/2019,56.113596,35.32,1378.1565
9/27/2019,56.27833,34.71,1370.926928
9/30/2019,56.233632,35.33,1346.098835
10/1/2019,55.982776,34.9,1359.8832
10/2/2019,55.366497,34.41,1373.8653
10/3/2019,55.84218,null,1376.283698
10/4/2019,55.777392,34.97,1371.846915
10/7/2019,55.837386,34.9,1362.457645
10/8/2019,55.449384,34.69,1362.751395
10/9/2019,55.771268,34.85,1371.605248
10/10/2019,56.046012,34.99,1355.185724
10/11/2019,56.663392,35.57,1342.733076
10/14/2019,56.212065,35.46,1352.226006
10/15/2019,56.699485,35.67,1342.399578
10/16/2019,56.15237,35.57,1349.616
10/17/2019,56.480446,35.66,1342.771584
10/18/2019,56.467089,35.35,1335.361816
10/21/2019,56.44765,35.5,1326.748021
10/22/2019,56.98287,35.77,1331.307406
10/23/2019,56.98761,35.71,1339.420122
10/24/2019,57.141974,35.86,1346.911562
10/25/2019,57.232071,36.12,1349.99985
10/28/2019,57.73702,36.34,1343.98
10/29/2019,57.340706,36.07,1340.2331
10/30/2019,57.202412,35.96,1344.477236
10/31/2019,56.78431,35.68,1354.970122
11/1/2019,57.497685,36.28,1353.7316
11/4/2019,57.840748,36.76,1351.4696
11/5/2019,57.981882,37.21,1333.016204
11/6/2019,58.015378,37.07,1343.713296
11/7/2019,58.27574,37.61,1321.879716
11/8/2019,58.148208,37.2,1324.376234
11/11/2019,57.674976,36.88,1318.24635
11/12/2019,57.678887,36.75,1318.361568
11/13/2019,57.687014,36.49,1328.100575
11/14/2019,57.449574,36.32,1338.307785
11/15/2019,58.130082,36.66,1329.814034
11/18/2019,57.573088,36.5,1329.840712
11/19/2019,null,36.54,1330.095284
11/20/2019,57.4167,36.27,1332.157904
11/21/2019,56.863912,36.29,1319.130938
11/22/2019,57.034201,36.42,1323.081308
11/25/2019,57.883248,36.88,1323.175418
11/26/2019,57.656196,36.5,1324.622564
11/27/2019,57.649801,36.77,1320.123242
11/28/2019,57.638841,36.65,null
11/29/2019,57.804888,36.09,null
12/2/2019,57.24432,36.05,1326.598604
12/3/2019,56.049765,35.67,1335.258016
12/4/2019,56.526336,36.04,1330.1376
12/5/2019,56.65299,36.15,1331.277682
12/6/2019,57.004536,36.52,1315.232718
12/9/2019,57.15357,36.41,1317.602014
12/10/2019,56.984736,36.39,1320.435258
12/11/2019,57.352208,36.73,1326.721282
12/12/2019,57.905571,37.19,1316.949886
12/13/2019,57.533121,37.36,1320.514419
12/16/2019,58.470524,37.63,1323.37
12/17/2019,58.367885,37.85,1321.094118
12/18/2019,58.615455,38.2,1324.898198
12/19/2019,58.872275,38.17,1329.640856
12/20/2019,59.031061,38.44,1328.852126
12/23/2019,59.058689,38.35,1338.54925
12/24/2019,59.104725,null,null
12/26/2019,null,null,1362.143294
12/27/2019,59.525274,38.37,1357.273124
12/30/2019,null,38.5,1353.50865
12/31/2019,null,null,1352.6589
1/2/2020,60.34917,39.02,1361.9883
1/3/2020,60.024961,38.48,1389.787276
1/6/2020,59.100728,38.25,1399.086416
1/7/2020,59.318277,38.37,1406.918224
1/8/2020,59.3802,38.85,1401.192802
1/9/2020,60.153683,38.93,1396.685126
1/10/2020,60.695712,39.24,1404.242
1/13/2020,60.98358,39.58,1391.701942
1/14/2020,61.026651,39.48,1387.697302
1/15/2020,60.97615,39.12,1393.009728
1/16/2020,60.584951,39.35,1386.8197
1/17/2020,60.869283,39.75,1403.387684
1/20/2020,60.990981,39.6,null
1/21/2020,60.315888,38.98,1400.293102
1/22/2020,60.670813,39.2,1402.725114
1/23/2020,59.604776,38.79,1410.643338
1/24/2020,60.39823,38.56,1423.730798
1/27/2020,58.60127,37.56,1430.157644
1/28/2020,59.210892,37.76,1425.931995
1/29/2020,59.43951,38.01,1426.948245
1/30/2020,57.693321,36.96,1435.75945
1/31/2020,56.55,36.36,1432.207942
2/3/2020,57.168062,36.86,1425.315596
2/4/2020,58.550919,37.96,1403.267062
2/5/2020,58.968,38.22,1413.236204
2/6/2020,59.035648,38.47,1422.362858
2/7/2020,58.394385,38.08,1430.092598
2/10/2020,58.344348,38.21,1438.015995
2/11/2020,59.413521,38.84,1436.124858
2/12/2020,59.861879,39.37,1436.208642
2/13/2020,59.730182,39.13,1449.406998
2/14/2020,59.848047,39.06,1459.724165
2/17/2020,60.099248,39.31,null
2/18/2020,59.553486,38.9,1479.36
2/19/2020,60.118687,39.24,1488.38425
2/20/2020,59.213252,38.57,1498.264858
2/21/2020,59.20491,38.53,1522.570658
2/24/2020,56.94304,36.74,1545.966582
2/25/2020,56.88135,37.13,1519.265272
2/26/2020,56.981415,36.87,1507.98
2/27/2020,54.616548,35.91,1495.844
2/28/2020,52.7469,34.55,1424.895078
3/2/2020,53.757189,35.15,1431.636974
3/3/2020,54.38377,35.45,1477.068928
3/4/2020,54.20367,35.78,1475.184768
3/5/2020,53.482037,35.28,1489.594981
3/6/2020,51.108874,34.03,1473.812723
3/9/2020,47.642882,31.76,1461.67105
3/10/2020,48.38658,32.39,1456.689779
3/11/2020,48.100913,32.2,1447.878961
3/12/2020,41.673548,28.96,1414.000254
3/13/2020,43.507986,29.76,1365.039376
3/16/2020,40.494834,27.47,1331.812192
3/17/2020,41.323028,29.04,1388.573962
3/18/2020,38.73331,27.31,1351.138625
3/19/2020,37.643028,28.01,1368.887858
3/20/2020,38.761,27.58,1386.056
3/23/2020,36.789958,26.94,1453.2358
3/24/2020,39.068628,29.45,1531.202415
3/25/2020,40.425972,30.03,1507.592325
3/26/2020,42.010591,30.4,1502.746048
3/27/2020,39.91091,29.15,1479.372922
3/30/2020,40.856004,28.9,1470.0186
3/31/2020,42.038962,29.53,1445.169202
4/1/2020,40.526208,28.69,1443.106035
4/2/2020,41.315514,29.49,1490.604285
4/3/2020,41.204768,29.8,1514.766595
4/6/2020,43.054482,30.74,1554.0759
4/7/2020,43.886299,31.37,1529.451805
4/8/2020,43.952822,31.05,1532.001482
4/9/2020,44.804538,31.58,1597.651195
4/13/2020,null,null,1605.565005
4/14/2020,44.980582,31.57,1602.461695
4/15/2020,44.034772,30.95,1584.187795
4/16/2020,44.928128,31.31,1580.015382
4/17/2020,45.321776,31.8,1555.415315
4/20/2020,45.699304,31.87,1566.833258
4/21/2020,43.943736,30.82,1548.642915
4/22/2020,45.154214,31.66,1590.749695
4/23/2020,46.312887,31.75,1609.022435
4/24/2020,45.017258,32,1595.78865
4/27/2020,46.010495,31.98,1577.515872
4/28/2020,46.484864,32.18,1572.6337
4/29/2020,47.599903,32.87,1571.045842
4/30/2020,47.087595,32.76,1548.621855
5/1/2020,45.377325,null,1558.09275
5/4/2020,45.75432,31.15,1559.935932
5/5/2020,46.677603,31.79,1571.968142
5/6/2020,46.200229,32.01,1558.390215
5/7/2020,46.870796,32.18,1596.797365
5/8/2020,null,32.48,1577.040792
5/11/2020,46.961837,32.6,1566.287715
5/12/2020,47.59728,32.72,1569.752422
5/13/2020,46.65543,32.57,1575.931072
5/14/2020,46.496788,32.1,1610.523438
5/15/2020,46.416132,31.91,1623.823762
5/18/2020,47.747904,32.74,1598.797805
5/19/2020,47.2581,32.77,1592.803395
5/20/2020,47.72898,32.67,1597.597538
5/21/2020,47.118653,32.67,1564.10655
5/22/2020,47.193966,32.07,1590.801638
5/25/2020,null,32.54,null
5/26/2020,48.484952,32.67,1553.413805
5/27/2020,48.08293,32.47,1556.030985
5/28/2020,48.222336,32.42,1555.333784
5/29/2020,47.31562,32.05,1559.736222
6/1/2020,48.776312,null,1563.324924
6/2/2020,49.872777,33.78,1543.881436
6/3/2020,50.667976,34.3,1516.644784
6/4/2020,49.911735,33.63,1527.930231
6/5/2020,51.54384,34.67,1479.414077
6/8/2020,51.624186,34.58,1504.863673
6/9/2020,51.477156,34.37,1518.195337
6/10/2020,51.225157,34.57,1506.162073
6/11/2020,49.7878,33.12,1526.2384
6/12/2020,49.856056,33.43,1529.738823
6/15/2020,49.260641,33,1528.830654
6/16/2020,50.113281,33.89,1529.485259
6/17/2020,50.684779,34.17,1539.506716
6/18/2020,51.06003,34.24,1536.969324
6/19/2020,51.322513,34.46,1557.517411
6/22/2020,51.706564,34.46,1566.625016
6/23/2020,51.711255,34.75,1565.650329
6/24/2020,50.787585,34.1,1565.381743
6/25/2020,51.314963,34.47,1573.379069
6/26/2020,50.841518,34.39,1580.7155
6/29/2020,null,34.16,1572.827803
6/30/2020,51.32071,34.01,1601.149
7/1/2020,51.564975,34.56,1583.290236
7/2/2020,null,35.23,1580.8024
7/3/2020,53.035277,35.54,null
7/6/2020,53.97779,36.52,1579.2455
7/7/2020,53.877131,36.22,1597.979897
7/8/2020,null,36.61,1608.71455
7/9/2020,53.845419,36.99,1586.354597
7/10/2020,54.05046,36.52,1594.643717
7/13/2020,54.789189,36.82,1598.5697
7/14/2020,53.414116,36.02,1591.698439
7/15/2020,53.52025,36.25,1582.801341
7/16/2020,52.855113,35.74,1575.841027
7/17/2020,53.01625,35.83,1582.262543
7/20/2020,53.54555,36.2,1586.188671
7/21/2020,null,36.58,1610.073381
7/22/2020,53.506215,35.95,1610.023149
7/23/2020,53.782968,36.14,1632.938019
7/24/2020,52.84441,35.48,1634.523992
7/27/2020,52.676085,35.51,1641.9293
7/28/2020,52.396365,35.61,1659.801408
7/29/2020,52.990677,35.85,1666.14015
7/30/2020,52.186048,35.29,1654.062722
7/31/2020,51.93132,35.16,1656.603241
8/3/2020,53.010048,35.42,1676.6048
8/4/2020,53.2185,35.87,1701.019958
8/5/2020,54.150684,36.01,1713.43594
8/6/2020,53.720728,35.99,1732.2866
8/7/2020,53.759086,35.58,1700.9466
8/10/2020,54.023855,35.8,1720.94246
8/11/2020,54.384696,36.03,1640.1976
8/12/2020,54.33402,36.15,1643.69757
8/13/2020,null,35.89,1653.607129
8/14/2020,53.862795,35.79,1639.6705
8/17/2020,53.979926,36.07,1674.7445
8/18/2020,53.157271,35.83,1679.29608
8/19/2020,53.5901,35.71,1641.390559
8/20/2020,52.65936,35.38,1631.933861
8/21/2020,53.692543,35.91,1643.8296
8/24/2020,53.946431,36.28,1627.171529
8/25/2020,null,36.38,1618.338741
8/26/2020,54.802202,36.7,1646.101698
8/27/2020,54.25882,36.72,1627.59518
8/28/2020,54.604858,36.61,1648.88876
8/31/2020,null,35.7,1647.86498
9/1/2020,54.331446,36.33,1641.872399
9/2/2020,55.079723,36.46,1630.89266
9/3/2020,54.59925,35.85,1631.71338
9/4/2020,54.411135,35.86,1624.73357
9/7/2020,54.987414,35.92,null
9/8/2020,54.465215,35.69,1640.1505
9/9/2020,54.947686,35.74,1651.828138
9/10/2020,54.57304,35.49,1649.344759
9/11/2020,54.294096,35.59,1634.728121
9/14/2020,55.05838,36.02,1644.51018
9/15/2020,55.760079,36.58,1645.052711
9/16/2020,55.899875,36.61,1651.468459
9/17/2020,55.982108,36.01,1644.538
9/18/2020,55.962522,35.95,1649.71969
9/21/2020,54.331536,35.51,1612.978038
9/22/2020,54.225588,35.45,1617.22746
9/23/2020,54.157596,35.36,1590.772491
9/24/2020,53.32527,35.06,1604.309252
9/25/2020,53.160075,34.93,1596.693108
9/28/2020,54.216063,35.37,1604.802362
9/29/2020,54.130364,35.26,1618.868822
9/30/2020,54.893007,35.87,1612.11375
10/1/2020,54.934104,36.02,1623.85758
10/2/2020,54.98625,35.54,1619.920458
10/5/2020,55.220004,35.88,1625.2425
10/6/2020,55.344384,36.33,1611.75256
10/7/2020,55.759248,36.56,1600.30654
10/8/2020,55.76,36.74,1605.30998
10/9/2020,56.3787,37,1627.3521
10/12/2020,56.15535,37.26,1629.31875
10/13/2020,55.722912,37.27,1602.2034
10/14/2020,56.155578,37.16,1618.196472
10/15/2020,55.527808,36.85,1626.855318
10/16/2020,55.522323,37.08,1618.911402
10/19/2020,55.45796,36.93,1617.58042
10/20/2020,55.670525,37.17,1617.5357
10/21/2020,55.76857,37.25,1623.785
10/22/2020,55.7091,37.14,1608.33058
10/23/2020,55.65413,37.24,1604.337
10/26/2020,55.021883,36.99,1609.874429
10/27/2020,54.963356,37.16,1613.317801
10/28/2020,54.444895,36.63,1599.835698
10/29/2020,54.38256,37.16,1593.968619
10/30/2020,53.801112,36.64,1604.801541
11/2/2020,54.375552,37.05,1622.341301
11/3/2020,55.070424,37.21,1631.0041
11/4/2020,56.0979,38.41,1616.4727
11/5/2020,56.46389,38.53,1640.860591
11/6/2020,56.439075,38.51,1643.127791
11/9/2020,57.987765,39.33,1559.467759
11/10/2020,57.767049,38.5,1588.27628
11/11/2020,57.844194,38.98,1581.408888
11/12/2020,57.976116,39.13,1588.15204
11/13/2020,57.902224,38.98,1596.056439
11/16/2020,58.858239,39.4,1595.334731
11/17/2020,58.625856,39.42,1585.9952
11/18/2020,59.19265,39.51,1578.6111
11/19/2020,59.273876,39.42,1573.0017
11/20/2020,59.80242,39.65,1578.60178
11/23/2020,59.215941,39.8,1544.303381
11/24/2020,60.17592,40.14,1521.085481
11/25/2020,59.98853,39.81,1518.593659
11/26/2020,60.241107,40.08,null
11/27/2020,61.056252,40.26,null
11/30/2020,60.0984,39.21,1482.176749
12/1/2020,60.948664,39.62,1515.86194
12/2/2020,60.635008,39.41,1513.140119
12/3/2020,60.9843,39.83,1511.68644
12/4/2020,61.161888,40.03,1509.84418
12/7/2020,61.565415,40.28,1535.05414
12/8/2020,61.408945,40.19,1544.34544
12/9/2020,61.381714,40.17,1515.01266
12/10/2020,61.706904,39.86,1513.45342
12/11/2020,61.407962,40.2,1517.09912
12/14/2020,61.45945,39.91,1503.5571
12/15/2020,61.703367,40,1525.73955
12/16/2020,62.10428,40.15,1522.74442
12/17/2020,62.14326,40.25,1541.08748
12/18/2020,62.172654,40.22,1538.16545
12/21/2020,61.2839,39.75,1543.76276
12/22/2020,60.416374,39.65,1525.19884
12/23/2020,61.45272,39.98,1541.00336
12/24/2020,61.745329,null,null
12/28/2020,null,39.77,1536.30044
12/29/2020,62.613132,40.16,1533.27125
12/30/2020,63.067535,40.7,1539.8413
12/31/2020,63.105856,null,1542.68717
1/4/2021,63.892848,41.11,1581.62447
1/5/2021,64.059289,41.61,1591.25519
1/6/2021,64.09434,41.9,1545.542469
1/7/2021,64.744408,41.85,1557.75962
1/8/2021,65.148903,42.86,1497.17581
1/11/2021,65.101796,43.02,1520.7411
1/12/2021,65.45508,43.16,1515.41669
1/13/2021,65.35722,43.42,1523.65918
1/14/2021,65.868528,43.95,1526.12748
1/15/2021,65.109357,43.55,1508.98961
1/18/2021,65.076939,43.74,null
1/19/2021,65.292803,44.03,1516.29985
1/20/2021,65.86408,44.81,1541.97978
1/21/2021,65.742425,44.93,1534.20929
1/22/2021,65.3394,44.4,1526.31321
1/25/2021,65.140764,44.65,1526.39723
1/26/2021,65.64942,44.31,1524.05141
1/27/2021,65.0494,43.81,1522.96497
1/28/2021,65.051415,43.75,1520.12711
1/29/2021,63.81056,42.36,1522.17524
2/1/2021,64.8429,43.83,1539.812041
2/2/2021,66.731211,44.84,1519.86415
2/3/2021,67.07532,44.94,1524.756799
2/4/2021,67.079792,45.21,1491.22706
2/5/2021,67.84485,45.17,1511.19607
2/8/2021,68.241096,45.39,1523.40806
2/9/2021,68.260644,45.45,1516.3249
2/10/2021,68.351094,45.66,1517.75874
2/11/2021,68.967696,46.05,1502.2577
2/12/2021,69.111312,46.19,1504.45942
2/15/2021,69.7527,46.7,null
2/16/2021,69.313995,46.47,1479.99416
2/17/2021,69.710844,46.58,1468.5961
2/18/2021,69.236925,45.49,1467.48852
2/19/2021,70.154808,45.94,1462.90408
2/22/2021,68.98554,44.83,1489.0821
2/23/2021,68.61402,44.24,1485.92342
2/24/2021,68.358599,44.09,1478.97614
2/25/2021,null,43.98,1451.45922
2/26/2021,66.80025,43.12,1425.68248
3/1/2021,69.255059,44.39,1429.15825
3/2/2021,68.033462,44.05,1440.89932
3/3/2021,68.4335,43.79,1423.699041
3/4/2021,68.76525,43.5,1412.866159
3/5/2021,67.51862,43.51,1422.4146
3/8/2021,67.736226,43.12,1413.797749
3/9/2021,67.793704,43.77,1443.31726
3/10/2021,67.667223,43.23,1447.60935
3/11/2021,69.02901,44.25,1438.981691
3/12/2021,68.98416,43.58,1440.941
3/15/2021,69.528032,43.55,1450.37423
3/16/2021,70.291455,44,1451.10808
3/17/2021,69.804176,43.93,1450.166681
3/18/2021,69.87998,43.7,1454.181859
3/19/2021,70.07212,43.75,1464.51742
3/22/2021,70.04829,43.61,1457.145341
3/23/2021,null,43.28,1451.335009
3/24/2021,69.364314,42.59,1465.51355
3/25/2021,68.893963,42.48,1461.50779
3/26/2021,69.737408,42.75,1470.291318
3/29/2021,69.865238,43.42,1452.88804
3/30/2021,70.418556,43.67,1434.17765
3/31/2021,71.063628,43.66,1461.700062
4/1/2021,71.619768,44.29,1469.9421
4/5/2021,null,null,1470.3678
4/6/2021,71.690088,44.35,1474.3539
4/7/2021,71.1909,43.47,1464.29413
4/8/2021,71.688064,43.83,1479.577001
4/9/2021,71.45994,43.55,1466.464001
4/12/2021,70.711217,43.11,1454.381079
4/13/2021,70.837362,43.24,1467.855679
4/14/2021,70.992852,43.46,1450.02944
4/15/2021,71.359868,43.59,1474.81518
4/16/2021,71.83323,43.76,1484.2197
4/19/2021,71.78976,43.57,1470.19448
4/20/2021,71.354502,43.34,1474.803581
4/21/2021,71.928936,43.2,1492.627481
4/22/2021,71.8123,43.43,1478.752199
4/23/2021,72.304512,43.53,1472.7776
4/26/2021,72.7869,43.58,1472.287959
4/27/2021,73.042317,43.79,1470.9394
4/28/2021,73.231115,43.82,1469.096159
4/29/2021,72.91878,43.49,1457.79843
4/30/2021,72.523074,43.31,1462.794251
5/3/2021,null,43.27,1487.39944
5/4/2021,71.152407,42.77,1477.288061
5/5/2021,72.01285,43.09,1486.15528
5/6/2021,72.414036,43.28,1505.4126
5/7/2021,73.840872,43.44,1518.53121
5/10/2021,73.041584,42.83,1510.0575
5/11/2021,71.931618,42.44,1508.55905
5/12/2021,70.3483,41.75,1504.0095
5/13/2021,70.404162,41.62,1509.559301
5/14/2021,70.916653,41.78,1516.08373
5/17/2021,69.98103,41.83,1537.88625
5/18/2021,71.175218,42.45,1528.234
5/19/2021,70.883984,42.15,1540.59661
5/20/2021,71.403035,42.47,1542.13514
5/21/2021,71.18658,42.3,1539.83231
5/24/2021,71.891231,null,1543.29892
5/25/2021,71.649198,42.64,1547.71072
5/26/2021,72.587229,43.19,1554.69305
5/27/2021,73.429486,43.15,1554.09482
5/28/2021,74.24754,43.47,1566.899
5/31/2021,null,43.63,null
6/1/2021,74.59342,44.28,1556.57222
6/2/2021,75.175166,44.31,1565.2945
6/3/2021,75.07575,44.18,1535.31956
6/4/2021,75.894588,44.34,1559.65198
6/7/2021,75.790396,44.02,1559.549
6/8/2021,75.448919,43.87,1553.30694
6/9/2021,75.5712,43.97,1552.42396
6/10/2021,75.9795,44.08,1555.89584
6/11/2021,76.103316,44.31,1548.2918
6/14/2021,76.632192,44.24,1538.9184
6/15/2021,76.271865,44.02,1531.63155
6/16/2021,76.310496,44,1533.7156
6/17/2021,76.892483,44.43,1485.912301
6/18/2021,76.4855,44.19,1485.91997
6/21/2021,76.91786,43.99,1498.493841
6/22/2021,76.874344,43.74,1493.513081
6/23/2021,76.935392,44.17,1491.428681
6/24/2021,77.479744,44.45,1487.59766
6/25/2021,77.604832,44.78,1486.65886
6/28/2021,77.805732,44.93,1494.15214
6/29/2021,77.68482,44.93,1482.867401
,,,
,,,
,,,
,,,
,,,
,,,
,,,
,,,
,,,
,,,
,,,
,,,
,,,
,,,
,,,
,,,
,,,
,,,
,,,
,,,
,,,
,,,
,,,
,,,
,,,
,,,
,,,
,,,
,,,
,,,
,,,
,,,
,,,
,,,
,,,
,,,
,,,
,,,
,,,
,,,
,,,
,,,
,,,
,,,
,,,
,,,
,,,
,,,
,,,
,,,
,,,
,,,
,,,
,,,
,,,
,,,
,,,
,,,
,,,
,,,
,,,
,,,
,,,
,,,
,,,
,,,
,,,
,,,
,,,
,,,
,,,
,,,
,,,
,,,
,,,
,,,
,,,
,,,
,,,
,,,
,,,
,,,
,,,
,,,
,,,
,,,
,,,
,,,
,,,
,,,
,,,
,,,
,,,
,,,
,,,
,,,
,,,
,,,
,,,
,,,
,,,
,,,
,,,
,,,
,,,
,,,
,,,
,,,
,,,
,,,
,,,
,,,
,,,
,,,
,,,
,,,
,,,
,,,
,,,
,,,
,,,
,,,
,,,
,,,
,,,
,,,
,,,
,,,
,,,
,,,
,,,
,,,
,,,
,,,
,,,
,,,
,,,
,,,
,,,
,,,
,,,
,,,
,,,
,,,
,,,
,,,
,,,
,,,
,,,
,,,
,,,
,,,
,,,
,,,
,,,
,,,
,,,
,,,
,,,
,,,
,,,
,,,
,,,
,,,
,,,
,,,
,,,
,,,
,,,
,,,
,,,
,,,
,,,
,,,
,,,
,,,
,,,
,,,
,,,
,,,
,,,
,,,
,,,
,,,
,,,
,,,
,,,
,,,
,,,
,,,
,,,
,,,
,,,
,,,
,,,
,,,
,,,
,,,
,,,
,,,
,,,
,,,
,,,
,,,
,,,
,,,
,,,
,,,
,,,
,,,
,,,
,,,
,,,
,,,
,,,
,,,
,,,
,,,
,,,
,,,
,,,
,,,
,,,
,,,
,,,
,,,
,,,
,,,
,,,
,,,
,,,
,,,
,,,
,,,
,,,
,,,
,,,
,,,
,,,
,,,
,,,
,,,
,,,
,,,
,,,
,,,
,,,
,,,
,,,
,,,
,,,
,,,
,,,
,,,
,,,
,,,
,,,
,,,
,,,
,,,
,,,
,,,
,,,
,,,
,,,
,,,
,,,
,,,
,,,
,,,
,,,
,,,
,,,
,,,
,,,
,,,
,,,
,,,
,,,
,,,
,,,
,,,
,,,
,,,
,,,
,,,
,,,
,,,
,,,
,,,
,,,
,,,
,,,
,,,
,,,
,,,
,,,
,,,
,,,
,,,
,,,
,,,
,,,
,,,
,,,
,,,
,,,
,,,
,,,
,,,
,,,
,,,
,,,
,,,
,,,
,,,
,,,
,,,
,,,
,,,
,,,
,,,
,,,
,,,
,,,
,,,
,,,
,,,
,,,
,,,
,,,
,,,
,,,
,,,
,,,
,,,
,,,
,,,
,,,
,,,
,,,
,,,
,,,
,,,
,,,
,,,
,,,
,,,
,,,
,,,
,,,
,,,
,,,
,,,
,,,
,,,
,,,
,,,
,,,
,,,
,,,
,,,
,,,
,,,
,,,
,,,
,,,
,,,
,,,
,,,
,,,
,,,
,,,
,,,
,,,
,,,
,,,
,,,
,,,
,,,
,,,
,,,
,,,
,,,
,,,
,,,
,,,
,,,
,,,
,,,
,,,
,,,
,,,
,,,
,,,
,,,
,,,
,,,
,,,
,,,
,,,
,,,
,,,
,,,
,,,
,,,
,,,
,,,
,,,
,,,
,,,
,,,
,,,
,,,
,,,
,,,
,,,
,,,
,,,
,,,
,,,
,,,
,,,
,,,
,,,
,,,
,,,
,,,
,,,
,,,
,,,
,,,
,,,
,,,
,,,
,,,
,,,
,,,
,,,
,,,
,,,
,,,
,,,
,,,
,,,
,,,
,,,
,,,
,,,
,,,
,,,
,,,
,,,
,,,
,,,
,,,
,,,
,,,
,,,
,,,
